{"layer_21": [0.89581298828125, 0.7237021923065186, 0.17211079597473145], "layer_22": [0.8975703716278076, 0.7190716862678528, 0.17849868535995483], "layer_23": [0.8912103772163391, 0.7155290246009827, 0.17568135261535645], "layer_24": [0.8970682621002197, 0.7167842984199524, 0.18028396368026733], "layer_25": [0.8813635110855103, 0.7218611240386963, 0.15950238704681396]}